features,importance
region_ES,0.0022176495
region_SW,0.0023366592
region_NE,0.0059737647
region_WN,0.006063986
gust,0.007284504
theoretical_power,0.048444588
wind_speed,0.9276788
